Salona 40,11.99,AD BOATS
Salona 45,13.55,AD BOATS
Event 34,10.35,ADRIA EVENT
Brenta 38,11.66,ADRIA SAIL
FY 49 fast eruiser,14.80,ADRIA SAIL
Promenade 7.60,7.70,ALB-SAIL
BA30i,9.20,ALB-SAIL
BA4Oì,12.00,ALB-SAIL
BA411,12.60,ALB-SAIL
BA 50i Koala,15.00,ALB-SAIL
ALDEN 38,11.7,Alden
ALDEN 40,12.0,Alden
ALDEN 43-45,13.1,Alden
ALDEN 44,13.4,Alden
ALDEN 45,13.4,Alden
ALDEN 46/50 MK II,14.5,Alden
ALDEN 48,14.8,Alden
ALDEN 50,15.2,Alden
ALDEN 50 MK II,15.2,Alden
ALDEN 52,16.1,Alden
ALDEN 54,16.4,Alden
Ovni 345,11.40,ALUBAT
Ovni 36,11.95,ALUBAT
Ovni 395,12.68,ALUBAT
Ovni 435,13.29,ALUBAT
Cigale e Levder 14,14.00,ALUBAT
Ovni 455,14.46,ALUBAT
Ovni 455 CC,15.00,ALUBAT
Cigale e Levrier 16,16.00,ALUBAT
Cigale e LevriN 18,18.28,ALUBAT
Super Maramu 2000,16.00,AMEL ITALIA
A40,11.99,ARCHAMBAULT
AM 39i Sloop,11.65,ARREDOMAR
AM 72; 5100p,21.85,ARREDOMAR
Luna 64,19.40,AZZURRA YACHTING ITALIA
Luna 66 PH,20.15,AZZURRA YACHTING ITALIA
Ba!tic 50i,15.24,Baltic Yachts
Baltic 56,17.10,Baltic Yachts
Baltic 66,20.10,Baltic Yachts
BALTIC 35,10.4,Baltic Yachts
BALTIC 38,11.6,Baltic Yachts
BALTIC 40,11.9,Baltic Yachts
BALTIC 43,13.2,Baltic Yachts
BALTIC 47,14.5,Baltic Yachts
BALTIC 50,15.2,Baltic Yachts
Baltic 51,15.5,Baltic Yachts
BALTIC 52,16.0,Baltic Yachts
BALTIC 58,17.8,Baltic Yachts
BALTIC 64,19.5,Baltic Yachts
BALTIC 67,20.3,Baltic Yachts
BALTIC 87,26.4,Baltic Yachts
Baltic Breeze,15.0,Baltic Yachts
EC 17' Mosqulto,5.05,BARUFFALDI
P/38 Magnum,8.40,BARUFFALDI
JNP 999,10.45,BARUFFALDI
JNP 999 Kit,10.45,BARUFFALDI
BAVARIA 31,9.5,Bavaria Yachtbau
BAVARIA 32,10.2,Bavaria Yachtbau
BAVARIA 36,11.5,Bavaria Yachtbau
BAVARIA 38 OCEAN,11.7,Bavaria Yachtbau
Bavaria 32 Cruiser,10.30,Bavaria Yachtbau
Bavaria 35 Mateh,10.50,Bavaria Yachtbau
Bavaria 38 Match,11.39,Bavaria Yachtbau
"Bavaria 36 Crui,er",11.40,Bavaria Yachtbau
Bavaria 38 Cruiser,12.13,Bavaria Yachtbau
Bavaria 42 Malch,12.55,Bavaria Yachtbau
Bavaria 42 Cruiser,12.99,Bavaria Yachtbau
Bavaria 46 Cruiser,14.20,Bavaria Yachtbau
Bavaria 49 Cruiser,15.40,Bavaria Yachtbau
OCEANIS 281,8.7,Bénéteau
OCEANIS 311,9.8,Bénéteau
OCEANIS 321,9.9,Bénéteau
OCEANIS 352,10.6,Bénéteau
OCEANIS 36 CC,11.1,Bénéteau
OCEANIS 400,12.1,Bénéteau
OCEANIS 44 CC,13.6,Bénéteau
First21.7,6.40,Bénéteau
First211,6.40,Bénéteau
First 260 Spirlt,7.70,Bénéteau
First25.7,7.70,Bénéteau
First 27.7,8.85,Bénéteau
First 31.7,9.85,Bénéteau
Oeeanis 323,10.01,Bénéteau
Oeeanis 331,10.35,Bénéteau
Oeeanis 343,10.66,Bénéteau
First 36.7,11.00,Bénéteau
Oeeanis 373,11.25,Bénéteau
"Oceani,393",11.98,Bénéteau
First 40.7,11.99,Bénéteau
Oceanis 423,12.64,Bénéteau
Cyclades 43,12.94,Bénéteau
Oceanis 42 Cc,13.25,Bénéteau
First44.7,13.65,Bénéteau
Oceanis 473,14.30,Bénéteau
"First47,7",14.50,Bénéteau
Beneteau 50,15.48,Bénéteau
Oceanis 523,16.20,Bénéteau
Beneteau 57,17.20,Bénéteau
BENETEAU 25,7.4,Bénéteau
BENETEAU 311,9.8,Bénéteau
BENETEAU 361,11.1,Bénéteau
BENETEAU 36CC,10.8,Bénéteau
BENETEAU 36S7,10.9,Bénéteau
BENETEAU 411,12.7,Bénéteau
BENETEAU 50,15.4,Bénéteau
BENETEAU 53F5,16.1,Bénéteau
BENETEAU 64,18.9,Bénéteau
BENETEAU FIRST 310,9.4,Bénéteau
BENETEAU FIRST 345,10.5,Bénéteau
BENETEAU FIRST 36.7,10.9,Bénéteau
BENETEAU FIRST 38,12.2,Bénéteau
BENETEAU FIRST 38s5,11.4,Bénéteau
BENETEAU FIRST 40.7,11.9,Bénéteau
BENETEAU FIRST 42S7,12.9,Bénéteau
BENETEAU FIRST 45F5,14.1,Bénéteau
BENETEAU FIRST 47.7,14.5,Bénéteau
BENETEAU IDDYLLE 15.5,15.4,Bénéteau
BENETEAU OCEANIS 321,9.9,Bénéteau
BENETEAU OCEANIS 351,10.6,Bénéteau
BENETEAU OCEANIS 352,10.6,Bénéteau
BENETEAU OCEANIS 36CC,10.8,Bénéteau
BENETEAU OCEANIS 37,10.9,Bénéteau
BENETEAU OCEANIS 381,11.7,Bénéteau
BENETEAU OCEANIS 390,11.6,Bénéteau
BENETEAU OCEANIS 40,12.5,Bénéteau
BENETEAU OCEANIS 400,12.1,Bénéteau
BENETEAU OCEANIS 44 CC,13.6,Bénéteau
BENETEAU OCEANIS 461,14.0,Bénéteau
FIRST 21,6.4,Bénéteau
FIRST 265,8.1,Bénéteau
FIRST 36S7,10.9,Bénéteau
FIRST 45F5,14.1,Bénéteau
FIRST 53F5,16.2,Bénéteau
Hurricane 315 I.M.5.,9.60,BLU PHOENIX YACHT
Hurricane 375 IMS,11.60,BLU PHOENIX YACHT
Hurricane 425 IMS,13.05,BLU PHOENIX YACHT
Hurricane 625,18.05,BLU PHOENIX YACHT
BuenaOnda 36 Corsa,10.60,BUENAONDA YACHTS
BuenaOnda 36 Elite,10.60,BUENAONDA YACHTS
BuenaOnda 60,18.50,BUENAONDA YACHTS
Farr 31 IMS,9.58,C.B.I.
C&C 110 EXPRESS,11.1,C&C Yachts
C&C 121,12.2,C&C Yachts
C&C 29,8.7,C&C Yachts
C&C 30,9.1,C&C Yachts
C&C 37/40,12.0,C&C Yachts
C&C 40,12.1,C&C Yachts
C&C 51,15.7,C&C Yachts
C&C 52,15.7,C&C Yachts
C&C 99,9.9,C&C Yachts
C&C 99,10.2,C&C Yachts
C&C LANDFALL 38,11.4,C&C Yachts
LimltTCI,5.00,CADEI ROSA
Illimit,5.98,CADEI ROSA
Cam 26i,5.99,CADEI ROSA
Grand Soleil37B&C,11.02,Cantieri Del Pardo
Grand Soleil 40,12.29,Cantieri Del Pardo
Grand 50leU 43,13.39,Cantieri Del Pardo
Grand Soleil45,13.90,Cantieri Del Pardo
Grand 50[eiI46.3,14.30,Cantieri Del Pardo
Grand SoleU 50,14.90,Cantieri Del Pardo
Grand Soleil 56,16.90,Cantieri Del Pardo
GRAND SOLEIL 37,11.6,Cantieri Del Pardo
GRAND SOLEIL 50,15.2,Cantieri Del Pardo
Difference,7.15,CARDANI
CATALINA 22,6.5,Catalina Yachts
CATALINA 22 MK II,6.5,Catalina Yachts
CATALINA 25,7.6,Catalina Yachts
CATALINA 250,7.6,Catalina Yachts
"CATALINA 250, H2O",7.6,Catalina Yachts
"CATALINA 250, KEEL",7.6,Catalina Yachts
"CATALINA 250, WING",7.6,Catalina Yachts
CATALINA 27,8.2,Catalina Yachts
CATALINA 270,8.2,Catalina Yachts
CATALINA 28 MK II,8.6,Catalina Yachts
CATALINA 30 MKIII,9.1,Catalina Yachts
CATALINA 310,9.4,Catalina Yachts
CATALINA 320,9.9,Catalina Yachts
CATALINA 34,10.5,Catalina Yachts
CATALINA 36,11.0,Catalina Yachts
CATALINA 36 MKII,11.0,Catalina Yachts
CATALINA 38,11.6,Catalina Yachts
CATALINA 380,11.7,Catalina Yachts
CATALINA 400,12.3,Catalina Yachts
CATALINA 42,12.7,Catalina Yachts
CATALINA 470,14.1,Catalina Yachts
CATALINA 50,15.3,Catalina Yachts
Catalina 22 mkll,6.55,CATALINA YACHTS/MORGAN
Catailna 250,7.62,CATALINA YACHTS/MORGAN
Ca'ailna 270,8.23,CATALINA YACHTS/MORGAN
Catalina 28 mkll,8.70,CATALINA YACHTS/MORGAN
Catalina 30mklll,9.12,CATALINA YACHTS/MORGAN
Catalina 310,9.45,CATALINA YACHTS/MORGAN
Catalina 320,10.00,CATALINA YACHTS/MORGAN
Catalina 34 mkll,10.51,CATALINA YACHTS/MORGAN
Catailna 36 mkll,11.07,CATALINA YACHTS/MORGAN
CataUna 400,12.34,CATALINA YACHTS/MORGAN
CataUna 42mkll,12.75,CATALINA YACHTS/MORGAN
CataUna 470,14.53,CATALINA YACHTS/MORGAN
CataUna 50,15.37,CATALINA YACHTS/MORGAN
Class 33 5,9.86,CLASS YACHT
Class 33 Charter,9.86,CLASS YACHT
Class 33 Outlaw,9.86,CLASS YACHT
Class 47 Charter,14.50,CLASS YACHT
Class 47 Outlaw,14.50,CLASS YACHT
Class 47 S,14.50,CLASS YACHT
Class 53 5,15.70,CLASS YACHT
Class 53 Charter,15.70,CLASS YACHT
Class 53 Outlaw,15.70,CLASS YACHT
42i fast eruiser,12.81,CN YACHT 2OOO
Starkel 79 C,24.50,CN YACHT 2OOO
Brezza 22,6.50,CNA
Princetime 37.8,11.50,COLANGELO
"Calboat 6,20",6.20,COLOMBO LEOPOLDO & C
Ditterenee,7.15,COLOMBO LEOPOLDO & C
Comet 33 Cruise,10.20,COMAR
Comet 33 Perf.,10.20,COMAR
Comet 36,10.90,COMAR
Comet 45 Sport,13.80,COMAR
Comet 50 CI,15.20,COMAR
Comet 51 Cc,15.40,COMAR
Comet 51 Dh,15.40,COMAR
Comet 51 Sport,15.40,COMAR
Comet 511 Sport,15.40,COMAR
Comet 54 Dh,16.20,COMAR
Comet 65 Sport,19.90,COMAR
Comlortina 35,10.70,COMFORT YACHTS
Comfortina 42,12.86,COMFORT YACHTS
Contest 44 Cs,13.30,CONYPLEX- Contest Yachts
Contest 48 Cs,14.75,CONYPLEX- Contest Yachts
Contest 50 Cs,14.99,CONYPLEX- Contest Yachts
Contest 5S Cs,16.75,CONYPLEX- Contest Yachts
Contest 60,18.30,CONYPLEX- Contest Yachts
Contest 60 Cs,18.30,CONYPLEX- Contest Yachts
Explorer 20,6.20,COOPERATIVA NAUTICA
Explerer 32,9.60,COOPERATIVA NAUTICA
Explorer 43,13.10,COOPERATIVA NAUTICA
Fortuna 60,18.30,CRUZ DEL SUR YACHTS
Custom 50,15.50,CUSTOM
Este 31,9.53,D'ESTE
"E,te 39",11.95,D'ESTE
Este 72,22.30,D'ESTE
Daka 45,13.60,DAKA BOATS
Dehler 25,7.50,DEHLER INTERNATIONAL B.V.
Dehler 29,8.75,DEHLER INTERNATIONAL B.V.
Dehler 34,10.21,DEHLER INTERNATIONAL B.V.
Dehler 36,10.95,DEHLER INTERNATIONAL B.V.
Dehler 39 SQ,11.99,DEHLER INTERNATIONAL B.V.
Dehler 47,14.30,DEHLER INTERNATIONAL B.V.
Dehier 41 Cr,12.45,DEHLER INTERNATIONAL BV
Dehler41 Ds,12.45,DEHLER INTERNATIONAL BV
Delphia 24,7.60,DELPHIA YACHTS
Delphia 29,9.02,DELPHIA YACHTS
Delphia 37,10.74,DELPHIA YACHTS
Delphia 40,12.30,DELPHIA YACHTS
DUFOUR 32,9.9,Dufour Yachts
DUFOUR 32 CLASSIC,9.9,Dufour Yachts
DUFOUR 35,10.7,Dufour Yachts
DUFOUR 36 CLASSIC,11.0,Dufour Yachts
DUFOUR 38,11.6,Dufour Yachts
DUFOUR 38,11.6,Dufour Yachts
DUFOUR 41,12.3,Dufour Yachts
DUFOUR 43 CC,13.0,Dufour Yachts
DUFOUR 45,14.0,Dufour Yachts
Dufour 34,10.60,Dufour Yachts
Dulour 365 GL,10.81,Dufour Yachts
Dufour 40,12.32,Dufour Yachts
Dufour 44,13.67,Dufour Yachts
"Dufo""r 455 GL",13.76,Dufour Yachts
Elan 31,9.40,Elan Marine
Impression 344,9.99,Elan Marine
Elan 333,10.45,Elan Marine
Impression 434,11.25,Elan Marine
Elan 37,11.33,Elan Marine
Elan 40,12.20,Elan Marine
Etap 26 i,8.00,ETAP YACHTING
Etap 30 i,9.35,ETAP YACHTING
Etap 345,10.63,ETAP YACHTING
Etap 37 5,11.26,ETAP YACHTING
"Etap 46 d,",14.00,ETAP YACHTING
Alfa 51,15.41,EURO ALFA SAILING YACHIS
Finngulf 28,8.60,FINNGULF Yachts OY
ulf33,10.13,FINNGULF Yachts OY
Finngul136,10.94,FINNGULF Yachts OY
finngull 37,11.30,FINNGULF Yachts OY
Finngulf 391,11.97,FINNGULF Yachts OY
Finngulf391 DH,11.97,FINNGULF Yachts OY
Finnulf 41,12.50,FINNGULF Yachts OY
Finngulf 44,14.00,FINNGULF Yachts OY
43 L,13.20,FRANCHINI YACHTS
43 S,13.20,FRANCHINI YACHTS
471,14.42,FRANCHINI YACHTS
47 S,14.42,FRANCHINI YACHTS
53i 5 Cutter,16.60,FRANCHINI YACHTS
53i L Culter,16.60,FRANCHINI YACHTS
63 L,19.20,FRANCHINI YACHTS
755,23.15,FRANCHINI YACHTS
75 L,23.19,FRANCHINI YACHTS
76 L,23.26,FRANCHINI YACHTS
Passoa 43,13.35,GARCIA ALUMINIUM
Passoa 46,14.60,GARCIA ALUMINIUM
Gareia 48 Cc,15.45,GARCIA ALUMINIUM
Passoa 50,15.70,GARCIA ALUMINIUM
Passoa 54,16.80,GARCIA ALUMINIUM
Passoa 55 Cc,16.90,GARCIA ALUMINIUM
Garcia 60 Cc,18.50,GARCIA ALUMINIUM
Garcia 70,22.25,GARCIA ALUMINIUM
Garcia 75,23.69,GARCIA ALUMINIUM
Garcia 86,26.29,GARCIA ALUMINIUM
Gemini 52 Med,15.98,GEMINI YACHTS
Gemini 52 Md,16.34,GEMINI YACHTS
GIBSEA 362,10.9,GibSea
GIBSEA 392,11.9,GibSea
GIBSEA 472,14.2,GibSea
Gielle 45,13.70,GIEFFE SAILING YACHTS
Gieffe 51,15.85,GIEFFE SAILING YACHTS
Gieffe 55,16.60,GIEFFE SAILING YACHTS
HR31,9.62,Hallberg Rassy
HR34,10.28,Hallberg Rassy
HR 37,11.32,Hallberg Rassy
HR 40,12.40,Hallberg Rassy
HR 43,13.57,Hallberg Rassy
HR 48,14.99,Hallberg Rassy
HR 53,16.44,Hallberg Rassy
HR 62,18.88,Hallberg Rassy
HALLBERG-RASSY 31,9.5,Hallberg Rassy
HALLBERG-RASSY 34,10.3,Hallberg Rassy
HALLBERG-RASSY 352,10.5,Hallberg Rassy
HALLBERG-RASSY 36,10.9,Hallberg Rassy
HALLBERG-RASSY 39,11.8,Hallberg Rassy
HALLBERG-RASSY 42,13.2,Hallberg Rassy
HALLBERG-RASSY 46,14.7,Hallberg Rassy
HALLBERG-RASSY 49,14.9,Hallberg Rassy
HALLBERG-RASSY 53,16.4,Hallberg Rassy
HALLBERG-RASSY 62,18.8,Hallberg Rassy
41 Tradibonal,12.47,HANS CHRISTIAN
43 Traditional,12.99,HANS CHRISTIAN
43 Christina,13.10,HANS CHRISTIAN
48 Traditional,14.60,HANS CHRISTIAN
Christina Cutter,15.80,HANS CHRISTIAN
Etap 21 i,6.56,HAP YACHTING
Etap 24 i,8.02,HAP YACHTING
Etap 32 5,9.84,HAP YACHTING
Hun'er 27 Base,8.33,HUNTER MARINE
Hunter 27 Crociera,8.33,HUNTER MARINE
Hunter 306,9.12,HUNTER MARINE
Hunter 33,10.21,HUNTER MARINE
Hunter 36,10.82,HUNTER MARINE
Hunter 38,11.64,HUNTER MARINE
Hunter 41,12.29,HUNTER MARINE
Hunter 41 DS,12.29,HUNTER MARINE
Hunter 44,13.17,HUNTER MARINE
Hunter 44 Ds,13.17,HUNTER MARINE
Passae 420,13.23,HUNTER MARINE
Hunter 46,14.05,HUNTER MARINE
passage 456,14.05,HUNTER MARINE
Hunter HC 50,15.24,HUNTER MARINE
HUNTER  19,5.8,HUNTER MARINE
HUNTER (UK) CHANNEL 323,9.8,HUNTER MARINE
HUNTER 23.5,7.2,HUNTER MARINE
HUNTER 240,7.3,HUNTER MARINE
HUNTER 26,7.8,HUNTER MARINE
HUNTER 260 KEEL,7.8,HUNTER MARINE
HUNTER 27,8.3,HUNTER MARINE
HUNTER 280,8.5,HUNTER MARINE
HUNTER 29.5,9.0,HUNTER MARINE
HUNTER 290,8.7,HUNTER MARINE
HUNTER 30,9.2,HUNTER MARINE
HUNTER 310,9.2,HUNTER MARINE
HUNTER 323F,9.8,HUNTER MARINE
HUNTER 336,10.2,HUNTER MARINE
HUNTER 340,10.3,HUNTER MARINE
HUNTER 35.5,10.8,HUNTER MARINE
HUNTER 356,10.8,HUNTER MARINE
HUNTER 37 CUTTER,11.2,HUNTER MARINE
HUNTER 37.5,11.4,HUNTER MARINE
HUNTER 376,11.3,HUNTER MARINE
HUNTER 40.5,12.2,HUNTER MARINE
HUNTER 410,12.3,HUNTER MARINE
HUNTER 42,12.9,HUNTER MARINE
HUNTER 430,12.9,HUNTER MARINE
HUNTER 45,13.7,HUNTER MARINE
HUNTER 450,13.5,HUNTER MARINE
HUNTER 460,13.5,HUNTER MARINE
HUNTER PASSAGE 420,13.2,HUNTER MARINE
HUNTER PASSAGE 450,13.4,HUNTER MARINE
J 109,10.7,J-BOATS
J 46,14.0,J-BOATS
J/145,14.1,J-BOATS
J-105,10.5,J-BOATS
J-110,10.9,J-BOATS
J-120,12.2,J-BOATS
J-125,12.5,J-BOATS
J-130,13.0,J-BOATS
J-160,16.0,J-BOATS
J-24,7.3,J-BOATS
J-30,9.1,J-BOATS
J-32,9.8,J-BOATS
J-35,10.8,J-BOATS
J-40,12.3,J-BOATS
"J-42, DEEP DRAFT",12.8,J-BOATS
"J-42, SHOAL DRAFT",12.8,J-BOATS
J-44,13.5,J-BOATS
J-60,18.2,J-BOATS
J-80,8.0,J-BOATS
J-90,9.1,J-BOATS
J-92,9.1,J-BOATS
J 92,9.09,J-BOATS
J 100,10.00,J-BOATS
J 105,10.48,J-BOATS
J 109,10.85,J-BOATS
J 120,12.20,J-BOATS
J 133,13.11,J-BOATS
Sun 2000,6.64,Jeanneau
Sun Odyssey 29.2,8.80,Jeanneau
Sun Fast 32 i,9.60,Jeanneau
Sun Odyssey 32,9.60,Jeanneau
Sun Fast 35,10.75,Jeanneau
Sun Odyssey 35,10.75,Jeanneau
"Sun Fa,t 37",11.40,Jeanneau
Sun Odyssey 37,11.40,Jeanneau
5un Odyssey 40 Ds,12.20,Jeanneau
Sun Fast 40.3,12.20,Jeanneau
5un Odyssey 43 Ds,13.21,Jeanneau
5un Odyssey 49,14.98,Jeanneau
Sun Odyssey 49 Ds,14.98,Jeanneau
Sun Odyssey 52.2,15.39,Jeanneau
Sun Odyssey 54 Ds,16.38,Jeanneau
Sun 2500,,Jeanneau
SUN FAST 32i,9.6,Jeanneau
SUN ODYSSEY 28.1,8.7,Jeanneau
SUN ODYSSEY 32.2,9.5,Jeanneau
SUN ODYSSEY 36,11.0,Jeanneau
SUN ODYSSEY 37.2,11.4,Jeanneau
SUN ODYSSEY 39,11.9,Jeanneau
SUN ODYSSEY 40DS,12.2,Jeanneau
SUN ODYSSEY 42cc,12.8,Jeanneau
SUN ODYSSEY 44,13.3,Jeanneau
SUN ODYSSEY 45.2,14.1,Jeanneau
JEANNEAU  SUN FAST 36,11.3,Jeanneau
JEANNEAU 34.2,10.2,Jeanneau
JEANNEAU 36.2,10.4,Jeanneau
JEANNEAU 37,10.9,Jeanneau
JEANNEAU 42CC,12.8,Jeanneau
JEANNEAU 44,13.3,Jeanneau
JEANNEAU 45.2,13.7,Jeanneau
JEANNEAU 47 CC,14.3,Jeanneau
JEANNEAU 51,15.4,Jeanneau
JEANNEAU 52.2,15.4,Jeanneau
JEANNEAU ATTALIA 32,9.7,Jeanneau
JEANNEAU ODYSSEY 47,14.3,Jeanneau
JEANNEAU SUN 37.1,11.4,Jeanneau
JEANNEAU SUN KISS 45,13.2,Jeanneau
JEANNEAU SUN KISS 45 modified,13.9,Jeanneau
JEANNEAU SUN ODDYSSEY 42.2,12.8,Jeanneau
JEANNEAU SUN ODYSSEY 37,11.3,Jeanneau
JEANNEAU SUN ODYSSEY 43 DS,13.2,Jeanneau
JEANNEAU SUN ODYSSEY 45.1,14.1,Jeanneau
JEANNEAU SUN ODYSSEY 52.2,15.4,Jeanneau
JEANNEU SUN ODYSSEY 40,12.2,Jeanneau
Jongert 2200 M,22.08,JONGERT B.V.
Jongert 20 T,23.50,JONGERT B.V.
Jongert 2700 M,26.70,JONGERT B.V.
Jongert 25 DS,28.80,JONGERT B.V.
Jongert 30T,30.00,JONGERT B.V.
Jongert 3200 m,32.50,JONGERT B.V.
Jongert 40 T,41.24,JONGERT B.V.
Feelinq 30,9.10,KIRIE SOCIÈTÈ NOUVELLE
Feelinq 30 Di,9.10,KIRIE SOCIÈTÈ NOUVELLE
Feelinq 32,9.95,KIRIE SOCIÈTÈ NOUVELLE
Feelinq 32 Di,9.95,KIRIE SOCIÈTÈ NOUVELLE
Feelinq 36,11.10,KIRIE SOCIÈTÈ NOUVELLE
Feelinq 36 Di,11.10,KIRIE SOCIÈTÈ NOUVELLE
Feeling 39 Di,11.70,KIRIE SOCIÈTÈ NOUVELLE
FeeUn 39,11.70,KIRIE SOCIÈTÈ NOUVELLE
FeeUng 44,14.00,KIRIE SOCIÈTÈ NOUVELLE
FeeUng 44 O;,14.00,KIRIE SOCIÈTÈ NOUVELLE
Locwind 47,14.50,LOCWIND
Locwind 57,17.75,LOCWIND
Malo 361,11.35,MALÒ YACHTS
Malo 39i,12.10,MALÒ YACHTS
Malo 42i,13.15,MALÒ YACHTS
Mal04Si,14.10,MALÒ YACHTS
"Ju[ianicu, 40 CL",11.98,MANCINI
Julianicus 46,14.00,MANCINI
Julianicus 53 CL,16.00,MANCINI
Maxi Doiphin 65i,19.66,MAXI DOLPHIN
Farr 73i,22.30,MAXI DOLPHIN
MELGES 24,7.3,Melges
MELGES 30,9.1,Melges
Tamer Deek,6.30,MONTISOLA
Tamer 650,6.50,MONTISOLA
Tamer 650,6.50,MONTISOLA
Tamer 7,7.00,MONTISOLA
MOODY 34,10.2,MOODY YACHTS
MOODY 35,10.5,MOODY YACHTS
MOODY 376,11.5,MOODY YACHTS
MOODY 38,11.4,MOODY YACHTS
MOODY 40,11.9,MOODY YACHTS
MOODY 425,12.7,MOODY YACHTS
MOODY 44,13.1,MOODY YACHTS
MOODY 46,14.0,MOODY YACHTS
Moody 47,14.1,MOODY YACHTS
Moody 47,14.53,MOODY YACHTS
Moody 49,14.80,MOODY YACHTS
Moody 54,16.72,MOODY YACHTS
Moody 56,17.70,MOODY YACHTS
Moody 64,19.34,MOODY YACHTS
NAJAD 320,9.7,NAJAD VARVET
NAJAD 331,9.9,NAJAD VARVET
NAJAD 340,10.2,NAJAD VARVET
NAJAD 360,10.7,NAJAD VARVET
NAJAD 361,11.2,NAJAD VARVET
NAJAD 390,11.7,NAJAD VARVET
NAJAD 420,12.9,NAJAD VARVET
Naiad 331,9.98,NAJAD VARVET
Naiad 373,11.30,NAJAD VARVET
Najad 391,12.10,NAJAD VARVET
Najad 400,12.20,NAJAD VARVET
Najad 460,13.95,NAJAD VARVET
Najad 490,15.00,NAJAD VARVET
Najad 511,15.50,NAJAD VARVET
NAUTICAT 32,9.8,Nauticat
NAUTICAT 331,10.1,Nauticat
NAUTICAT 35,10.4,Nauticat
NAUTICAT 38,11.4,Nauticat
NAUTICAT 39,11.6,Nauticat
NAUTICAT 42,12.7,Nauticat
NAUTICAT 43,13.0,Nauticat
NAUTICAT 44,13.3,Nauticat
NAUTICAT 515,15.4,Nauticat
SWAN 36,11.1,Nautor Swan
SWAN 40,12.2,Nautor Swan
SWAN 43,13.0,Nautor Swan
SWAN 44,13.1,Nautor Swan
SWAN 44 MK II,13.7,Nautor Swan
SWAN 46 MK II,14.3,Nautor Swan
Swan 47,14.5,Nautor Swan
SWAN 48,14.7,Nautor Swan
Swan 51 CB,15.6,Nautor Swan
Swan 51 keel,15.6,Nautor Swan
SWAN 55,16.7,Nautor Swan
SWAN 56,17.1,Nautor Swan
Swan 57 CB Sloop,17.4,Nautor Swan
SWAN 57 CC,17.4,Nautor Swan
Swan 57 Keel Sloop,17.4,Nautor Swan
SWAN 57 RS,17.8,Nautor Swan
SWAN 60,19.0,Nautor Swan
SWAN 68,20.5,Nautor Swan
SWAN 77,23.4,Nautor Swan
SWAN 80,24.4,Nautor Swan
Swan 45,13.83,Nautor Swan
Swan 46,14.05,Nautor Swan
5wan 48,15.09,Nautor Swan
Swan 53,16.48,Nautor Swan
Swan 56,17.53,Nautor Swan
Swan 601,18.30,Nautor Swan
Swan 62,19.12,Nautor Swan
Swan 68,21.01,Nautor Swan
Swan 70,21.35,Nautor Swan
SWan 75 FD,23.30,Nautor Swan
Swan 75 RS,23.30,Nautor Swan
Swan 82 FD,24.89,Nautor Swan
Swan 82 RS,24.89,Nautor Swan
Swan 82 S,24.89,Nautor Swan
Swan 100 FD,30.21,Nautor Swan
Swan 100 RS,30.21,Nautor Swan
SWan 100 s,30.21,Nautor Swan
Swan 112,34.34,Nautor Swan
Swan 131,40.00,Nautor Swan
NW43,13.10,NORTH WIND
NW50,14.98,NORTH WIND
NW56,16.87,NORTH WIND
NW58,17.48,NORTH WIND
NW65,19.99,NORTH WIND
NW68,20.20,NORTH WIND
Nova 7-13,7.13,NOVELLI TEODORICO
Nova Grinta,7.25,NOVELLI TEODORICO
Nova 30i,9.13,NOVELLI TEODORICO
Nova 37i,11.17,NOVELLI TEODORICO
Nova 41i,13.10,NOVELLI TEODORICO
Nytec 20i,6.00,NUOVA NYTEC
Nytee 23i,7.20,NUOVA NYTEC
Nytee 28i,8.46,NUOVA NYTEC
Ocean 5tar 48.1,14.60,OCEAN YACHTS
Ocean 5tar 51.2,15.45,OCEAN YACHTS
Ocean Star 56.1,16.55,OCEAN YACHTS
OYSTA 30,12.2,Oyster
OYSTA 42,12.8,Oyster
OYSTER 41,12.2,Oyster
OYSTER 42,13.0,Oyster
OYSTER 435,13.2,Oyster
OYSTER 45,14.0,Oyster
Oyster 45,13.5,Oyster
OYSTER 45 (1998),13.5,Oyster
OYSTER 485,14.7,Oyster
OYSTER 49 PH,14.9,Oyster
OYSTER 53,16.4,Oyster
OYSTER 61,18.5,Oyster
OYSTER 68,20.5,Oyster
OYSTER 70,21.5,Oyster
OYSTER 80,24.2,Oyster
Isola 21,7.05,POLITI
Isola 34,9.99,POLITI
[sola 40,12.00,POLITI
Harmony 33,10.44,PONCIN YACHTS
Diva 38,11.60,PONCIN YACHTS
Harmony 38,11.67,PONCIN YACHTS
Harmony 42,12.86,PONCIN YACHTS
Diva 44,13.50,PONCIN YACHTS
Harmony 47,14.39,PONCIN YACHTS
Harmony 52,16.09,PONCIN YACHTS
Rimar 31.3,9.30,RIMAR
Rimar 36,11.20,RIMAR
Rimar 42.1,12.63,RIMAR
Rimar 44.3,13.80,RIMAR
Rimar 50,15.09,RIMAR
Blusail 24 eab,7.48,RIMINI SAIL (bIu saiI)
BlusaU 48,14.50,RIMINI SAIL (bIu saiI)
81usail 54,16.30,RIMINI SAIL (bIu saiI)
Blusail61,18.00,RIMINI SAIL (bIu saiI)
RO 265,7.49,RONAUTICA
RO 340,9.60,RONAUTICA
RO 400,11.86,RONAUTICA
Nibbio 20,6.00,ROTENSE
Rustler 36,10.77,RUSTLER YACHTS
Sunbeam 37,11.30,SCHÒCHL YACHTBAU
5unbeam 39,12.30,SCHÒCHL YACHTBAU
5unbeam 42,12.60,SCHÒCHL YACHTBAU
Sunbeam 44,13.40,SCHÒCHL YACHTBAU
"Solari, 44 CP",13.46,SE.RI.GI. DI AQUILEIA
Solaris 46 SC,14.00,SE.RI.GI. DI AQUILEIA
Solaris 52 Cp,16.30,SE.RI.GI. DI AQUILEIA
Solaris 60 SC,18.50,SE.RI.GI. DI AQUILEIA
Solaris 72 Cp,21.55,SE.RI.GI. DI AQUILEIA
Solaris 76 Cp,23.33,SE.RI.GI. DI AQUILEIA
5tar 28,8.60,SETTEMARI
Star 28 Express,8.60,SETTEMARI
Star 42,12.70,SETTEMARI
Star 43 Ketch,13.08,SETTEMARI
Pellicano 2+2,4.20,SIBMA NAVALE ]TALIANA
promenade 2000,5.40,SIBMA NAVALE ]TALIANA
EM 25,7.45,SIBMA NAVALE ]TALIANA
EM 8.50,8.30,SIBMA NAVALE ]TALIANA
EM6,6.20,SIBMA NAVALE ITALIANA
Nauticat 321 Sloop,10.00,SILTALA YACHTS O.Y.
Nauticat 331 Keteh,10.40,SILTALA YACHTS O.Y.
Nauticat 37 Sloop,11.23,SILTALA YACHTS O.Y.
Nauticat 38 Ketch,11.80,SILTALA YACHTS O.Y.
Nauticat 39 Sloop,11.85,SILTALA YACHTS O.Y.
Naubcat 42 Ketch,13.00,SILTALA YACHTS O.Y.
Nauticat 42 Sloop,13.00,SILTALA YACHTS O.Y.
Nauticat 44 Ketch,13.60,SILTALA YACHTS O.Y.
Nauticat 515 5100p,15.42,SILTALA YACHTS O.Y.
S[eeker 45,13.88,SLEEKER BOATS
Soleri 26 1/2 Cruise,7.98,SOLERI FABIO
Soleri 26 1/2 Cruise,7.98,SOLERI FABIO
Farr 72i,21.89,SOUTHERN WIND SHIPYARD
Reichel-Pugh 781,23.99,SOUTHERN WIND SHIPYARD
Farr Nauta 93;,28.34,SOUTHERN WIND SHIPYARD
Farr Nauta 95i,29.00,SOUTHERN WIND SHIPYARD
Sportina 600,6.20,SPORTINA YACHTS
Sportina 680,6.80,SPORTINA YACHTS
Sportina 730,7.35,SPORTINA YACHTS
Millenium 40,12.00,STARMARINE HIGHTECH
SUNBEAM 32,9.8,Sunbeam
SUNBEAM 34,10.4,Sunbeam
SUNBEAM 34 W  SPOILER,11.2,Sunbeam
SUNBEAM 37,11.2,Sunbeam
SUNBEAM 39,12.3,Sunbeam
SUNBEAM 44,13.2,Sunbeam
SWY 370,11.15,SWEDEN YACHTS
SWY 390,11.88,SWEDEN YACHTS
SWY 42,13.25,SWEDEN YACHTS
SWY45,14.15,SWEDEN YACHTS
SWY53,16.64,SWEDEN YACHTS
SWEDE 55,16.0,Sweden Yachts
SWEDEN 45,14.1,Sweden Yachts
SWEDEN YACHTS 370,11.2,Sweden Yachts
SWEDEN YACHTS 390,11.9,Sweden Yachts
SWEDEN YACHTS 45,13.8,Sweden Yachts
Tango 30,9.30,TANGO YACHTS
Trintella 42i,12.80,TRINTELLA SHIPYARD
Trintella 47i,14.40,TRINTELLA SHIPYARD
Trintella 65i,18.75,TRINTELLA SHIPYARD
Farr 395,12.01,V2 - FARR INTERNATIONAL
Farr 50 Ph,15.38,V2 - FARR INTERNATIONAL
Farr 56 Ph,17.60,V2 - FARR INTERNATIONAL
Farr 60 Ph,18.36,V2 - FARR INTERNATIONAL
Farr 63 Ph,19.27,V2 - FARR INTERNATIONAL
Farr 645 Ds,19.40,V2 - FARR INTERNATIONAL
Vagabond,14.2,Vagabond
VAGABOND 47,14.2,Vagabond
VAGABOND 52,15.8,Vagabond
VALIANT 32,9.8,Vailant
VALIANT 39 CE,11.9,Vailant
VALIANT 40,11.9,Vailant
VALIANT 42,12.8,Vailant
VALIANT 42 RS,12.8,Vailant
VALIANT 50,15.4,Vailant
E Boat,6.75,VELA 77
Vismara 50,15.36,VISMARA MARINE GROUP
Vismara 54,16.50,VISMARA MARINE GROUP
WAUQUIEZ 33,9.1,Wauquiez
WAUQUIEZ 38,11.6,Wauquiez
Wauquiez 48,14.9,Wauquiez
WAUQUIEZ 60,18.5,Wauquiez
WAUQUIEZ CENTURION 36,10.9,Wauquiez
WAUQUIEZ PILOT SALOON 40,12.5,Wauquiez
WAUQUIEZ PRETORIEN 35,10.7,Wauquiez
Centurion 40 s,12.55,WAUQUIEZ INTERNATIONAL
Pilot Saloon 40,12.70,WAUQUIEZ INTERNATIONAL
"Centurion 45,",14.00,WAUQUIEZ INTERNATIONAL
WESTERLY 43,13.3,Westerly
WESTERLY CENTAUR,7.9,Westerly
WESTERLY CORSAIR,10.9,Westerly
WESTERLY OCEAN 33,10.1,Westerly
WESTERLY OCEAN 35,10.5,Westerly
WESTERLY OCEAN 38,11.6,Westerly
WESTERLY OCEAN 41,12.3,Westerly
X37,11.36,X-Yachts
X40,12.19,X-Yachts
X43,12.93,X-Yachts
X46,14.01,X-Yachts
X 50,15.24,X-Yachts
X-302,8.8,X-Yachts
X-332,10.0,X-Yachts
X-362 SPORT,11.0,X-Yachts
X-382,11.5,X-Yachts
X-412,12.5,X-Yachts
X-442 MK II,13.5,X-Yachts
X-482,14.6,X-Yachts
X-512,15.5,X-Yachts
X-612,18.2,X-Yachts
X-99,9.7,X-Yachts
XPRESS 110,12.2,X-Yachts
Hanse 312,9.45,YACHTZENTRUM GREIFSWALD
Hanse 342,10.35,YACHTZENTRUM GREIFSWALD
Hanse 371,11.25,YACHTZENTRUM GREIFSWALD
Hanse411,12.35,YACHTZENTRUM GREIFSWALD
Hanse 461,14.20,YACHTZENTRUM GREIFSWALD
Hanse 531,16.15,YACHTZENTRUM GREIFSWALD
Queentime 44 CC,13.80,ZETA GROUP
Fax,9.99,ZUANELLI
34 by luanelli,10.50,ZUANELLI
40 by Zuanlli,12.30,ZUANELLI
401 by Zuanelli,12.70,ZUANELLI
49 by Zuanelli,15.72,ZUANELLI
